{"histories": [{"val_acc": [0.9367671994783987, 0.9432113057954836, 0.9165846162203826, 0.9159133550058726, 0.9499686679481169, 0.9488946495653212, 0.9484023919445244, 0.9447328309966726, 0.9499686675480141, 0.9483576411421207], "acc": [0.910518889413808, 0.9465664159051016, 0.9546888571237809, 0.9621735860500612, 0.9693003014106487, 0.9760018752385247, 0.9810252587333955, 0.9865073477658269, 0.9898413529607529, 0.9926830889573658], "val_loss": [0.19893465467018095, 0.18101920540518676, 0.24057828282207552, 0.2646416127645017, 0.1646435671975449, 0.18138429793427174, 0.18727710825099395, 0.20537735617229325, 0.20423660150087222, 0.20904433203058764], "loss": [0.27414566198557483, 0.17081394367577207, 0.14223958309651527, 0.11899526745341552, 0.09691917481857915, 0.07759046197950178, 0.060777262810199045, 0.04593987015431495, 0.03527709956128818, 0.027566617913299563]}, {"val_acc": [0.934798167053379, 0.9461201041374063, 0.9453145908144288, 0.9495211604255428, 0.9495211603188487, 0.9489841519756688, 0.9501029198218575, 0.9477311310020842, 0.9487156474013086, 0.9490289023512961], "acc": [0.9088630751460528, 0.946599979671217, 0.9552146898281368, 0.9624085329103416, 0.9685395217339812, 0.9754648542538079, 0.9813832727365438, 0.9861940855637531, 0.989886104617787, 0.9923138870299563], "val_loss": [0.21034979094379064, 0.16769331665991927, 0.1705687659888736, 0.15609147102216162, 0.16108275763479318, 0.16875199289308485, 0.174681825734911, 0.18506558913010457, 0.19078036113703456, 0.20959828927517998], "loss": [0.2785527036560972, 0.1712198272376549, 0.14186773919252704, 0.11916453988589172, 0.098177855091003, 0.07812796809028388, 0.06121879085688519, 0.04665120442804122, 0.03537503705908532, 0.027780377439364092]}, {"val_acc": [0.9360064367977836, 0.939675997446892, 0.9473283739618314, 0.9473283743405955, 0.9475968786482204, 0.9437483148428445, 0.9496106620890318, 0.9422715403373652, 0.9473283737537781, 0.948312890179676], "acc": [0.9055178829452887, 0.9459622672747889, 0.9549126159531035, 0.9623078413185799, 0.9694681205012986, 0.9757781164998941, 0.9815287159319913, 0.9861493337533428, 0.9890805732507427, 0.9914300400130324], "val_loss": [0.20531874990100438, 0.19220247038972801, 0.16304211552942177, 0.1645599808087397, 0.1654309294998345, 0.19074049428895298, 0.187963104372525, 0.21775771949886533, 0.20203972681571786, 0.21165696710526635], "loss": [0.285667455385242, 0.17124268602094297, 0.14260289921352617, 0.11918736431204081, 0.09737023335265163, 0.07739137735897424, 0.060746379107189774, 0.04680705731217625, 0.03709099437761636, 0.03063528629821756]}, {"val_acc": [0.9411527718990244, 0.941466027169094, 0.9496554126513738, 0.9494764096018004, 0.9499686679214434, 0.9494764098685355, 0.9484918934426375, 0.9485366443250617, 0.9506846799330223, 0.9504609260810454], "acc": [0.9096797946207431, 0.9463762209192493, 0.9547447968624536, 0.9626994190611695, 0.9697366309236374, 0.9763598892083302, 0.9817412865596417, 0.9859143871037879, 0.9895169027637314, 0.9917768660452395], "val_loss": [0.19676309556084068, 0.1886305352102378, 0.1624925240959776, 0.16485557859602978, 0.16408765362897673, 0.172538202239932, 0.1911536731829714, 0.18826788601572564, 0.19869800438589064, 0.20909186407930852], "loss": [0.27950917622885624, 0.17291577551998558, 0.14372235047811688, 0.11901762566447298, 0.0963168946510863, 0.07688624654451189, 0.059588463489451855, 0.04668067241640392, 0.03612873973065506, 0.02834626403102065]}, {"val_acc": [0.9390047360510021, 0.9442405730237853, 0.9321131222166776, 0.9347086653418777, 0.9497449140908052, 0.9492526555844475, 0.9510426851466084, 0.9490289019725321, 0.9515349434395779, 0.9497001628082782], "acc": [0.9084379337457115, 0.9462195897228525, 0.9541518360096947, 0.9618491360797695, 0.9688415961424969, 0.9759794993166482, 0.9814727762106568, 0.9860374543706905, 0.9892595802256426, 0.9922691352928998], "val_loss": [0.20577427319250877, 0.17671398141888092, 0.21065657086855072, 0.2050068801912736, 0.1681154088287906, 0.16931459838592916, 0.1764996162501668, 0.18438988332639236, 0.1882768616327003, 0.20438481822349935], "loss": [0.2816499243872643, 0.1725734329471178, 0.14408687920883959, 0.12051941940290962, 0.0991861337199054, 0.07911792923607175, 0.059949337735451365, 0.04624032346338096, 0.03607873275707087, 0.02818731296541775]}]}